Category,Name,Rated,URL
잔잔,"[작곡] 짝사랑 -Y10k(피아노,잔잔,감동,희망)",775,"https://bgmstore.net/view/5bb0d13f352039d2270a75a2/[작곡] 짝사랑 -Y10k(피아노,잔잔,감동,희망)"
잔잔,Sweet Aroma - 마음속의 풍경,230,https://bgmstore.net/view/5bb0d13b352039d2270a5474/Sweet Aroma - 마음속의 풍경
잔잔,"[자작곡] Sunfl - Tea Time (잔잔, 평화, 따뜻, 피아노, 자작곡)",191,"https://bgmstore.net/view/5bb0d13f352039d2270a742c/[자작곡] Sunfl - Tea Time (잔잔, 평화, 따뜻, 피아노, 자작곡)"
잔잔,자작곡 - 그리움이 마음 한편 깊숙이 남아 (피아노),166,https://bgmstore.net/view/5bb0d0f9352039d22708ce75/자작곡 - 그리움이 마음 한편 깊숙이 남아 (피아노)
잔잔,"[자작곡]猫村いろは ソフト(네코무라 이로하 soft)-merry go round (회전목마) (잔잔, 아련)",141,"https://bgmstore.net/view/5bb0d11a352039d227098b2c/[자작곡]猫村いろは ソフト(네코무라 이로하 soft)-merry go round (회전목마) (잔잔, 아련)"
잔잔,"Je4You - 하늘의 꽃 (잔잔,아련,피아노)",119,"https://bgmstore.net/view/5bb0d135352039d2270a4220/Je4You - 하늘의 꽃 (잔잔,아련,피아노)"
잔잔,기생수 ED - it's the right time (쓸쓸)(감동)(아련)(애니)(잔잔),117,https://bgmstore.net/view/5bb0d0f0352039d22708ad60/기생수 ED - it's the right time (쓸쓸)(감동)(아련)(애니)(잔잔)
잔잔,"[자작곡] Sunfl - Sweet night (비트, 잔잔, 경쾌, 몽환, 고요, 자작곡) 재업로드",110,"https://bgmstore.net/view/5bb0d13f352039d2270a72c4/[자작곡] Sunfl - Sweet night (비트, 잔잔, 경쾌, 몽환, 고요, 자작곡) 재업로드"
잔잔,"(자작곡) Dream (잔잔, 감동, 피아노, 정화, 평화)",93,"https://bgmstore.net/view/5bb0d0dd352039d2270838b9/(자작곡) Dream (잔잔, 감동, 피아노, 정화, 평화)"
잔잔,히사이시조 summer.,90,https://bgmstore.net/view/5bb0d121352039d22709cdc1/히사이시조 summer.
잔잔,즐거웠던 추억 - Titanrium,87,https://bgmstore.net/view/5bb0d135352039d2270a2a6f/즐거웠던 추억 - Titanrium
잔잔,여름의 햇살 - Titanrium,85,https://bgmstore.net/view/5bb0d135352039d2270a3fa3/여름의 햇살 - Titanrium
잔잔,"(자작곡) Denken (장엄, 신비, 몽환, 감동, 우울, 잔잔, 광고, CF)",85,"https://bgmstore.net/view/5bb0d0dd352039d227083467/(자작곡) Denken (장엄, 신비, 몽환, 감동, 우울, 잔잔, 광고, CF)"
잔잔,Alan Walker - Faded Piano mix - Titanrium,80,https://bgmstore.net/view/5bb0d13b352039d2270a6525/Alan Walker - Faded Piano mix - Titanrium
잔잔,"[자작곡] CMaj7 - 10 a.m. (잔잔, 고요, 일상, 여유, 따뜻, 피아노)",79,"https://bgmstore.net/view/5bb0d135352039d2270a3284/[자작곡] CMaj7 - 10 a.m. (잔잔, 고요, 일상, 여유, 따뜻, 피아노)"
잔잔,"[자작곡] 음유 - Green Forest (잔잔, 고요, 순수, 신비, 피아노, 기타)",77,"https://bgmstore.net/view/5bb0d13b352039d2270a6a5f/[자작곡] 음유 - Green Forest (잔잔, 고요, 순수, 신비, 피아노, 기타)"
잔잔,[라이브] 신해철 - Lazenca Save Us,77,https://bgmstore.net/view/5bb0d121352039d22709c2c2/[라이브] 신해철 - Lazenca Save Us
잔잔,센과 치히로의 행방불명 - 생명의 이름(리코더 커버),75,https://bgmstore.net/view/5bb0d113352039d227097d20/센과 치히로의 행방불명 - 생명의 이름(리코더 커버)
잔잔,"[자작곡] EK-07 - Vacation (잔잔, 감동, 평화, 피아노, 뉴에이지)",68,"https://bgmstore.net/view/5bb0d13b352039d2270a6995/[자작곡] EK-07 - Vacation (잔잔, 감동, 평화, 피아노, 뉴에이지)"
잔잔,"소프트(SoFt) - Reminiscence(잔잔, 추억, 감동, 피아노)",68,"https://bgmstore.net/view/5bb0d12e352039d2270a0db1/소프트(SoFt) - Reminiscence(잔잔, 추억, 감동, 피아노)"
잔잔,월드 오브 워크래프트 - 여관(리코더커버),57,https://bgmstore.net/view/5bb0d100352039d22708f38d/월드 오브 워크래프트 - 여관(리코더커버)
잔잔,"아이유 - 이름에게 피아노/현악기 편곡 (쓸쓸, 잔잔, 아련, 추억, 피아노)",56,"https://bgmstore.net/view/5bb0d135352039d2270a4444/아이유 - 이름에게 피아노/현악기 편곡 (쓸쓸, 잔잔, 아련, 추억, 피아노)"
잔잔,양쪽음향 이별만이인생이다(이토카시타로X바보사카타),56,https://bgmstore.net/view/5bb0d113352039d22709677d/양쪽음향 이별만이인생이다(이토카시타로X바보사카타)
잔잔,자작곡 - Love in December (피아노),52,https://bgmstore.net/view/5bb0d0ea352039d2270879f2/자작곡 - Love in December (피아노)
잔잔,"일베 Sanctus (일베송, 경건, 잔잔, 교회, 종교, 오르간)",51,"https://bgmstore.net/view/5bb0d0e3352039d2270852c5/일베 Sanctus (일베송, 경건, 잔잔, 교회, 종교, 오르간)"
잔잔,"휴가 이틀째 집에서 잠깨보니 든 기분(우울, 잔잔, 일상, 여유, 자작곡)",48,"https://bgmstore.net/view/5bb0d12e352039d2270a0e3e/휴가 이틀째 집에서 잠깨보니 든 기분(우울, 잔잔, 일상, 여유, 자작곡)"
잔잔,알드노아제로 ED - TV size,48,https://bgmstore.net/view/5bb0d0e3352039d22708645d/알드노아제로 ED - TV size
잔잔,[자작곡] 새벽의 자장가 - Titanrium ( Piano Version ),47,https://bgmstore.net/view/5bb0d12e352039d2270a160b/[자작곡] 새벽의 자장가 - Titanrium ( Piano Version )
잔잔,돌려 말해도 다 들려요(Stop beating around the bush) #잔잔 #따뜻,46,https://bgmstore.net/view/5bb0d13f352039d2270a7200/돌려 말해도 다 들려요(Stop beating around the bush) #잔잔 #따뜻
잔잔,메이플스토리 BGM -비화원,46,https://bgmstore.net/view/5bb0d107352039d227092ae6/메이플스토리 BGM -비화원
잔잔,"[자작곡] 청월령 - sociopath (일상, 쓸쓸, 따뜻, 슬픔, 피아노)",45,"https://bgmstore.net/view/5bb0d13b352039d2270a5ae5/[자작곡] 청월령 - sociopath (일상, 쓸쓸, 따뜻, 슬픔, 피아노)"
잔잔,"자작곡 _ the memory of that day (평화, 희망, 장엄, 웅장, 피아노)",45,"https://bgmstore.net/view/5bb0d0f9352039d22708c9ce/자작곡 _ the memory of that day (평화, 희망, 장엄, 웅장, 피아노)"
잔잔,"전전전세(前前前世)(nightcore)(감동, 희망, 신남, 순수, 즐거움, 발랄, 경쾌, OST, 애니)",40,"https://bgmstore.net/view/5bb0d135352039d2270a44f5/전전전세(前前前世)(nightcore)(감동, 희망, 신남, 순수, 즐거움, 발랄, 경쾌, OST, 애니)"
잔잔,"프라이머리 - 아끼지마 (Don't Be Shy) (Feat. 초아 (AOA), 아이언) (8bit ver)",40,"https://bgmstore.net/view/5bb0d11a352039d2270992c0/프라이머리 - 아끼지마 (Don't Be Shy) (Feat. 초아 (AOA), 아이언) (8bit ver)"
잔잔,나 언니랑 저나한 거,38,https://bgmstore.net/view/5bb0d135352039d2270a40e7/나 언니랑 저나한 거
잔잔,"제목이 없는 잔잔함 2(슬픔,감동,평화,희망,애절,쓸쓸,동심,신비,여유,훈훈,아련,흥함,경쾌)",38,"https://bgmstore.net/view/5bb0d11a352039d227098f1d/제목이 없는 잔잔함 2(슬픔,감동,평화,희망,애절,쓸쓸,동심,신비,여유,훈훈,아련,흥함,경쾌)"
잔잔,"잔잔한데 제목이 없는 곡(잔잔,감동,평화,희망,쓸쓸,동심,신비)",38,"https://bgmstore.net/view/5bb0d11a352039d227098e8b/잔잔한데 제목이 없는 곡(잔잔,감동,평화,희망,쓸쓸,동심,신비)"
잔잔,아름다운 새소리 .꾀꼬리..새 (자연에 소리),38,https://bgmstore.net/view/5bb0d10d352039d227094210/아름다운 새소리 .꾀꼬리..새 (자연에 소리)
잔잔,"[자작브금] Little by little (잔잔, 피아노, 조용한비트, 따뜻, 감동)",38,"https://bgmstore.net/view/5bb0d100352039d22708fde7/[자작브금] Little by little (잔잔, 피아노, 조용한비트, 따뜻, 감동)"
잔잔,"Crescendo - 욜렴 [잔잔, 감동, 자작, 비트]",36,"https://bgmstore.net/view/5bb0d13b352039d2270a5373/Crescendo - 욜렴 [잔잔, 감동, 자작, 비트]"
잔잔,"(자작곡) Sage of moond - by PSI (프시) (잔잔, 평과, 고요, 쓸쓸, 아이리쉬, 켈트, 뉴에이지)",35,"https://bgmstore.net/view/5bb0d12e352039d2270a1624/(자작곡) Sage of moond - by PSI (프시) (잔잔, 평과, 고요, 쓸쓸, 아이리쉬, 켈트, 뉴에이지)"
잔잔,[리코더] 디지몬 캡슐진화,35,https://bgmstore.net/view/5bb0d121352039d22709b2cc/[리코더] 디지몬 캡슐진화
잔잔,슈가슈가룬- 정화배경음,32,https://bgmstore.net/view/5bb0d113352039d2270981ec/슈가슈가룬- 정화배경음
잔잔,자작) 잔잔한 물방울 멜로디,30,https://bgmstore.net/view/5bb0d135352039d2270a4539/자작) 잔잔한 물방울 멜로디
잔잔,자작곡 - 보고싶다 친구야,30,https://bgmstore.net/view/5bb0d0d7352039d2270819bc/자작곡 - 보고싶다 친구야
잔잔,요프레-사탕(Tobu-Candyland 피아노 편곡),29,https://bgmstore.net/view/5bb0d13b352039d2270a5154/요프레-사탕(Tobu-Candyland 피아노 편곡)
잔잔,"버드나무 자장가 (자작, 평화, 신비, 평화, 잔잔)",29,"https://bgmstore.net/view/5bb0d121352039d22709cb83/버드나무 자장가 (자작, 평화, 신비, 평화, 잔잔)"
잔잔,"[자작곡] Peaceful Rain (잔잔, 고요, 몽환, 피아노)",28,"https://bgmstore.net/view/5bb0d11a352039d227099c19/[자작곡] Peaceful Rain (잔잔, 고요, 몽환, 피아노)"
잔잔,[리코더] 린 - My Destiny (별에서 온 그대 OST),28,https://bgmstore.net/view/5bb0d0f9352039d22708e9a0/[리코더] 린 - My Destiny (별에서 온 그대 OST)
잔잔,[자작곡] 첫사랑 - TIDO KANG,27,https://bgmstore.net/view/5bb0d13b352039d2270a53d2/[자작곡] 첫사랑 - TIDO KANG
잔잔,"Reiya Zin - River and Sky (피아노, 잔잔)",27,"https://bgmstore.net/view/5bb0d13b352039d2270a4e62/Reiya Zin - River and Sky (피아노, 잔잔)"
잔잔,Dream City - Titanrium,27,https://bgmstore.net/view/5bb0d135352039d2270a37cf/Dream City - Titanrium
잔잔,"20170401 (잔잔, 피아노)",26,"https://bgmstore.net/view/5bb0d135352039d2270a4272/20170401 (잔잔, 피아노)"
잔잔,[자작피아노]태연 - 만약에,26,https://bgmstore.net/view/5bb0d11a352039d22709a090/[자작피아노]태연 - 만약에
잔잔,"For..(피아노,잔잔,몽환,고요,일상)",26,"https://bgmstore.net/view/5bb0d0f0352039d22708ad74/For..(피아노,잔잔,몽환,고요,일상)"
잔잔,자작곡 - 봄을 그리다(Memory Of Spring),26,https://bgmstore.net/view/5bb0d0ea352039d2270879fa/자작곡 - 봄을 그리다(Memory Of Spring)
잔잔,"[자작]Space Out (우주, 장엄, 신비, 잔잔 OST)",25,"https://bgmstore.net/view/5bb0d12e352039d2270a05bc/[자작]Space Out (우주, 장엄, 신비, 잔잔 OST)"
잔잔,"Fall Out Boy - Irresistible (Remix) (신남,즐거움,흥겨움,발랄,흥함,여유,훈훈,행복,경쾌,정화)",25,"https://bgmstore.net/view/5bb0d11a352039d2270991b8/Fall Out Boy - Irresistible (Remix) (신남,즐거움,흥겨움,발랄,흥함,여유,훈훈,행복,경쾌,정화)"
잔잔,"잔잔한 피아노 브금 (자작,고요,잔잔,따뜻,우울)",25,"https://bgmstore.net/view/5bb0d0e3352039d227087162/잔잔한 피아노 브금 (자작,고요,잔잔,따뜻,우울)"
잔잔,[자작곡] 새벽의 자장가 - Titanrium,24,https://bgmstore.net/view/5bb0d12e352039d2270a1609/[자작곡] 새벽의 자장가 - Titanrium
잔잔,"L M Double U - ID (미완성,버려진프젝,칠하우스.잔잔,평화,edm)",23,"https://bgmstore.net/view/5bb0d13b352039d2270a6f11/L M Double U - ID (미완성,버려진프젝,칠하우스.잔잔,평화,edm)"
잔잔,"Gochiusa - No Poi [piano arrange] (잔잔, 귀여움)",23,"https://bgmstore.net/view/5bb0d12e352039d2270a00f0/Gochiusa - No Poi [piano arrange] (잔잔, 귀여움)"
잔잔,4.그네를 타는 것만 보았습니다 베이스 피아노 기타 스트링스 진지 즐거움 흥겨움 일상 발랄,23,https://bgmstore.net/view/5bb0d11a352039d227099eac/4.그네를 타는 것만 보았습니다 베이스 피아노 기타 스트링스 진지 즐거움 흥겨움 일상 발랄
잔잔,"[리코더] Apink BnN (보미,남주) - 잊었니 (투유 프로젝트 - 슈가맨 Part 1)",23,"https://bgmstore.net/view/5bb0d113352039d22709741d/[리코더] Apink BnN (보미,남주) - 잊었니 (투유 프로젝트 - 슈가맨 Part 1)"
잔잔,에오스 - 메인테마(리코더 커버),23,https://bgmstore.net/view/5bb0d100352039d22708f392/에오스 - 메인테마(리코더 커버)
잔잔,유우키 유우나는 용사다 OP  ホシトハナ  full ver.,23,https://bgmstore.net/view/5bb0d0f0352039d22708aef0/유우키 유우나는 용사다 OP  ホシトハナ  full ver.
잔잔,"[자작]To the beautiful you (평화, 애절, 잔잔, 고요, 순수, 일상, 애잔, 피아노, 여유)",22,"https://bgmstore.net/view/5bb0d12e352039d2270a05bd/[자작]To the beautiful you (평화, 애절, 잔잔, 고요, 순수, 일상, 애잔, 피아노, 여유)"
잔잔,1금강의 노래 베이스 피아노 기타 평화 희망 잔잔 순수 고요 장엄 진지 즐거움 흥겨움 일상 발랄,22,https://bgmstore.net/view/5bb0d11a352039d227099e9e/1금강의 노래 베이스 피아노 기타 평화 희망 잔잔 순수 고요 장엄 진지 즐거움 흥겨움 일상 발랄
잔잔,"Nauts - 비 (잔잔, 여유, 행복)",22,"https://bgmstore.net/view/5bb0d0f0352039d22708b671/Nauts - 비 (잔잔, 여유, 행복)"
잔잔,[자작곡] recon seaside,21,https://bgmstore.net/view/5bb0d13b352039d2270a53db/[자작곡] recon seaside
잔잔,"L M Double U - Beautiful world (피아노,첼로)",21,"https://bgmstore.net/view/5bb0d13b352039d2270a4a38/L M Double U - Beautiful world (피아노,첼로)"
잔잔,모모노케 히메 - 모모노케 테마(리코더 커버),21,https://bgmstore.net/view/5bb0d135352039d2270a424d/모모노케 히메 - 모모노케 테마(리코더 커버)
잔잔,[자작곡] For you - TIDO Kang (피아노),20,https://bgmstore.net/view/5bb0d13b352039d2270a50f0/[자작곡] For you - TIDO Kang (피아노)
잔잔,소프트(SoFt) - In The Rain,20,https://bgmstore.net/view/5bb0d12e352039d2270a0fe1/소프트(SoFt) - In The Rain
잔잔,20160812 (슬픔) (평화) (쓸쓸) (우울) (피아노),20,https://bgmstore.net/view/5bb0d12e352039d2270a0012/20160812 (슬픔) (평화) (쓸쓸) (우울) (피아노)
잔잔,[라이브] 홍민정 - 아마도 그건 (과속스캔들 OST),20,https://bgmstore.net/view/5bb0d121352039d22709baf5/[라이브] 홍민정 - 아마도 그건 (과속스캔들 OST)
잔잔,結月ゆかり onn[자작곡]-春は君に沿って(봄은 그대를 따라) (잔잔),20,https://bgmstore.net/view/5bb0d11a352039d22709a68f/結月ゆかり onn[자작곡]-春は君に沿って(봄은 그대를 따라) (잔잔)
잔잔,쉬즈곤 목소리 그냥 일상적인톤,19,https://bgmstore.net/view/5bb0d0ea352039d227087c23/쉬즈곤 목소리 그냥 일상적인톤
잔잔,레하레이 (레이레하) - night sky (밤하늘) .피아노,18,https://bgmstore.net/view/5bb0d13b352039d2270a4f6f/레하레이 (레이레하) - night sky (밤하늘) .피아노
잔잔,자작곡 피아노 Sound 02 (무제),17,https://bgmstore.net/view/5bb0d13b352039d2270a4b0d/자작곡 피아노 Sound 02 (무제)
잔잔,"[자작곡]얼음속회상 (평화,몽환,아련,애잔)",17,"https://bgmstore.net/view/5bb0d0aa352039d2270728ef/[자작곡]얼음속회상 (평화,몽환,아련,애잔)"
잔잔,후르츠 바스켓 OST,16,https://bgmstore.net/view/5bb0d0ea352039d22708896f/후르츠 바스켓 OST
잔잔,악로사사사가 모모토로리,15,https://bgmstore.net/view/5bb0d13b352039d2270a583b/악로사사사가 모모토로리
잔잔,피아노로 아무거나 쳐봤음1,15,https://bgmstore.net/view/5bb0d13b352039d2270a552e/피아노로 아무거나 쳐봤음1
잔잔,Dr. Schnabel - 김부엉,15,https://bgmstore.net/view/5bb0d135352039d2270a42a3/Dr. Schnabel - 김부엉
잔잔,"금목걸이 - A Sweet Imagination #2 (평화, 잔잔, 순수, 몽환, 여유, 달달, 경쾌, 따뜻, 피아노)",15,"https://bgmstore.net/view/5bb0d135352039d2270a3e33/금목걸이 - A Sweet Imagination #2 (평화, 잔잔, 순수, 몽환, 여유, 달달, 경쾌, 따뜻, 피아노)"
잔잔,"연습곡(잔잔, 고요, 소음)",14,"https://bgmstore.net/view/5bb0d135352039d2270a4519/연습곡(잔잔, 고요, 소음)"
잔잔,어둠정령의 자장가(by 음유시인),14,https://bgmstore.net/view/5bb0d121352039d22709d219/어둠정령의 자장가(by 음유시인)
잔잔,히사이시 조 - The Wind of Life 피아노 쳐봄,14,https://bgmstore.net/view/5bb0d121352039d22709c2d1/히사이시 조 - The Wind of Life 피아노 쳐봄
잔잔,자작나무숲길로-전수연 ( 잔잔.고요)piano,14,https://bgmstore.net/view/5bb0d0c7352039d22707b23f/자작나무숲길로-전수연 ( 잔잔.고요)piano
잔잔,"Crescendo - 흔들리는 마음 [잔잔,평화,자작]",13,"https://bgmstore.net/view/5bb0d12e352039d2270a1c60/Crescendo - 흔들리는 마음 [잔잔,평화,자작]"
잔잔,보랏빗 사랑 기타 슬픈 음악 같은 그리움,13,https://bgmstore.net/view/5bb0d10d352039d22709582f/보랏빗 사랑 기타 슬픈 음악 같은 그리움
잔잔,"[자작곡] 봄비 (평화, 잔잔, 희망)",13,"https://bgmstore.net/view/5bb0d0f9352039d22708c7a0/[자작곡] 봄비 (평화, 잔잔, 희망)"
잔잔,Citizen Cope - Let The Drummer Kick 영화 억셉티트 OST,13,https://bgmstore.net/view/5bb0d0ea352039d22708960a/Citizen Cope - Let The Drummer Kick 영화 억셉티트 OST
잔잔,"Eddie Higgins Trio - Detour Ahead (잔잔,피아노,따뜻)",13,"https://bgmstore.net/view/5bb0d0e3352039d227085968/Eddie Higgins Trio - Detour Ahead (잔잔,피아노,따뜻)"
잔잔,"노을진 교실에서 (자작, 따뜻, 학교, 아련, 잔잔)",13,"https://bgmstore.net/view/5bb0d0e3352039d227085226/노을진 교실에서 (자작, 따뜻, 학교, 아련, 잔잔)"
잔잔,자작곡 피아노 Sound 01 (무제),11,https://bgmstore.net/view/5bb0d13b352039d2270a4b0c/자작곡 피아노 Sound 01 (무제)
잔잔,나였으면 더 잘했을것이다 (히오스 일리단),11,https://bgmstore.net/view/5bb0d12e352039d2270a0baa/나였으면 더 잘했을것이다 (히오스 일리단)
잔잔,유희왕 zexal - 무능의 BOOK리지아 (잔잔 흥겨움 비트),11,https://bgmstore.net/view/5bb0d0e3352039d227086f36/유희왕 zexal - 무능의 BOOK리지아 (잔잔 흥겨움 비트)
잔잔,"분홍바람 (자작, 평화, 일상, 발랄, 훈훈, 달달)",11,"https://bgmstore.net/view/5bb0d0e3352039d2270852bb/분홍바람 (자작, 평화, 일상, 발랄, 훈훈, 달달)"
잔잔,[자작곡]터벅터벅 (음질개선),11,https://bgmstore.net/view/5bb0d0d7352039d227081a6f/[자작곡]터벅터벅 (음질개선)
잔잔,자작곡(아프리카)-잔잔,10,https://bgmstore.net/view/5bb0d13b352039d2270a668e/자작곡(아프리카)-잔잔
잔잔,"Rain of dream(잔잔, 몽환, 신비)",10,"https://bgmstore.net/view/5bb0d128352039d22709e0d1/Rain of dream(잔잔, 몽환, 신비)"
잔잔,이루마 What Beautiful Stars,10,https://bgmstore.net/view/5bb0d121352039d22709ce39/이루마 What Beautiful Stars
잔잔,천 년의 자유 피아노 키타 베이스 바이올린 비올라,10,https://bgmstore.net/view/5bb0d113352039d227096a8e/천 년의 자유 피아노 키타 베이스 바이올린 비올라
잔잔,사랑의 멜로디 베이스 드럼 피아노 기타,10,https://bgmstore.net/view/5bb0d10d352039d227095831/사랑의 멜로디 베이스 드럼 피아노 기타
잔잔,"Sea of venice  (잔잔,평화,활기,피아노,정화)",10,"https://bgmstore.net/view/5bb0d0dd352039d227083f13/Sea of venice  (잔잔,평화,활기,피아노,정화)"
잔잔,"20160720 (잔잔, 쓸쓸)",9,"https://bgmstore.net/view/5bb0d135352039d2270a4271/20160720 (잔잔, 쓸쓸)"
잔잔,노래방에서 열심히 부른 청소,9,https://bgmstore.net/view/5bb0d12e352039d2270a18f2/노래방에서 열심히 부른 청소
잔잔,어리석고불쾌한인생 피아노 기타 바이올린,9,https://bgmstore.net/view/5bb0d113352039d227096a75/어리석고불쾌한인생 피아노 기타 바이올린
잔잔,"미녀와 야수 (자작,잔잔,영화,OST,행복)",9,"https://bgmstore.net/view/5bb0d0ea352039d22708995b/미녀와 야수 (자작,잔잔,영화,OST,행복)"
잔잔,하츠네 미쿠 홧톳불 사람,9,https://bgmstore.net/view/5bb0d0ea352039d22708968b/하츠네 미쿠 홧톳불 사람
잔잔,내가 꼭 들어야하는 브금 8,9,https://bgmstore.net/view/5bb0d0ea352039d2270887cb/내가 꼭 들어야하는 브금 8
잔잔,사랑과 우정사이 by 대파커,8,https://bgmstore.net/view/5bb0d10d352039d227095b21/사랑과 우정사이 by 대파커
잔잔,꿈 바다 베이스 드럼 피아노 기타 스트링스 멜로디 ,8,https://bgmstore.net/view/5bb0d10d352039d227095832/꿈 바다 베이스 드럼 피아노 기타 스트링스 멜로디 
잔잔,아 슬프다 사바여 인생을 돌아보며 베이스 드럼 피아노 기타,8,https://bgmstore.net/view/5bb0d10d352039d22709582c/아 슬프다 사바여 인생을 돌아보며 베이스 드럼 피아노 기타
잔잔,Love is a just dream,8,https://bgmstore.net/view/5bb0d10d352039d227095296/Love is a just dream
잔잔,내가 꼭 들어야하는 브금 5,8,https://bgmstore.net/view/5bb0d0ea352039d2270887c7/내가 꼭 들어야하는 브금 5
잔잔,Bad Asteroid jazzy part cover,8,https://bgmstore.net/view/5bb0d0e3352039d227085f40/Bad Asteroid jazzy part cover
잔잔,"무명1 (쓸쓸, 우울, 잔잔)",7,"https://bgmstore.net/view/5bb0d13b352039d2270a5ec4/무명1 (쓸쓸, 우울, 잔잔)"
잔잔,"20170528 (피아노, 잔잔)",7,"https://bgmstore.net/view/5bb0d135352039d2270a4270/20170528 (피아노, 잔잔)"
잔잔,[자작][뮤직쉐이크] 愛,7,https://bgmstore.net/view/5bb0d135352039d2270a2ff5/[자작][뮤직쉐이크] 愛
잔잔,피의잔향 알토 바이올린곡,7,https://bgmstore.net/view/5bb0d12e352039d2270a1c7d/피의잔향 알토 바이올린곡
잔잔,"자작곡-보름(잔잔,순수,고요,몽환,피아노)",7,"https://bgmstore.net/view/5bb0d121352039d22709cf75/자작곡-보름(잔잔,순수,고요,몽환,피아노)"
잔잔,piano - 정원 (잔잔),7,https://bgmstore.net/view/5bb0d113352039d2270978e8/piano - 정원 (잔잔)
잔잔,안개 비 베이스 드럼 피아노 기타 스트링스 멜로디 솔리스트,7,https://bgmstore.net/view/5bb0d10d352039d227095d45/안개 비 베이스 드럼 피아노 기타 스트링스 멜로디 솔리스트
잔잔,그대있어 아름다운 하루 베이스 드럼 피아노 기타,7,https://bgmstore.net/view/5bb0d10d352039d227095833/그대있어 아름다운 하루 베이스 드럼 피아노 기타
잔잔,로맨틱겨울 내맘대로부르기(프리비트),7,https://bgmstore.net/view/5bb0d10d352039d227094d88/로맨틱겨울 내맘대로부르기(프리비트)
잔잔,옛시인의노래 알토 섹소폰,7,https://bgmstore.net/view/5bb0d0f0352039d22708a76a/옛시인의노래 알토 섹소폰
잔잔,그라나도 에스파다 OST,7,https://bgmstore.net/view/5bb0d0ea352039d227088b0b/그라나도 에스파다 OST
잔잔,"초록 자전거 (자작, 잔잔, 순수, 여유, 훈훈)",7,"https://bgmstore.net/view/5bb0d0e3352039d2270860e1/초록 자전거 (자작, 잔잔, 순수, 여유, 훈훈)"
잔잔,자작 - Lonely(쓸쓸),7,https://bgmstore.net/view/5bb0d0dd352039d2270826b9/자작 - Lonely(쓸쓸)
잔잔,함브라무드이리도로무웬,6,https://bgmstore.net/view/5bb0d13f352039d2270a7197/함브라무드이리도로무웬
잔잔,slow motion 불러봄,6,https://bgmstore.net/view/5bb0d135352039d2270a381a/slow motion 불러봄
잔잔,노래방에서 열심히 부른 누네꽃,6,https://bgmstore.net/view/5bb0d12e352039d2270a18f1/노래방에서 열심히 부른 누네꽃
잔잔,아조씨가 이 소설을 불러보았다,6,https://bgmstore.net/view/5bb0d12e352039d2270a0feb/아조씨가 이 소설을 불러보았다
잔잔,3월 기만자 피아노 기타 바이올린 첼로 솔리스트,6,https://bgmstore.net/view/5bb0d113352039d227096a87/3월 기만자 피아노 기타 바이올린 첼로 솔리스트
잔잔,그대있어 아름다운 하루 베이스 드럼 피아노 기타,6,https://bgmstore.net/view/5bb0d10d352039d22709561c/그대있어 아름다운 하루 베이스 드럼 피아노 기타
잔잔,"Haeilian - 아무도 없을때 (평화,잔잔,순수,여유,따뜻)",6,"https://bgmstore.net/view/5bb0d100352039d227090e7d/Haeilian - 아무도 없을때 (평화,잔잔,순수,여유,따뜻)"
잔잔,Change the world guitar arrange ver.,6,https://bgmstore.net/view/5bb0d0ea352039d227087dab/Change the world guitar arrange ver.
잔잔,잔잔/자작곡/피아노곡/,6,https://bgmstore.net/view/5bb0d0e3352039d22708672c/잔잔/자작곡/피아노곡/
잔잔,"바라엠이 브금으로 등장할 때(훈훈,훈훈,훈훈)",6,"https://bgmstore.net/view/5bb0d0dd352039d227083c8d/바라엠이 브금으로 등장할 때(훈훈,훈훈,훈훈)"
잔잔,[자작곡]-General patturn (Remake),6,https://bgmstore.net/view/5bb0d0dd352039d227082e79/[자작곡]-General patturn (Remake)
잔잔,2ne1 tv 태양 자작곡,6,https://bgmstore.net/view/5bb0d0d7352039d227082037/2ne1 tv 태양 자작곡
잔잔,"무명1_2 (잔잔, 쓸쓸, 우울)",5,"https://bgmstore.net/view/5bb0d13b352039d2270a5ec5/무명1_2 (잔잔, 쓸쓸, 우울)"
잔잔,악나라 포이스레레레고고고5사,5,https://bgmstore.net/view/5bb0d13b352039d2270a58af/악나라 포이스레레레고고고5사
잔잔,[라이브] 화려강산 - Don't Matter,5,https://bgmstore.net/view/5bb0d121352039d22709ce60/[라이브] 화려강산 - Don't Matter
잔잔,9. 지극한 사랑 베이스 기타 피아노 스트롱스,5,https://bgmstore.net/view/5bb0d11a352039d227099f36/9. 지극한 사랑 베이스 기타 피아노 스트롱스
잔잔,"음악-신형탁 제목-봄의 왈츠, 베이스 드럼 피아노 기타 솔리스트",5,"https://bgmstore.net/view/5bb0d113352039d22709845b/음악-신형탁 제목-봄의 왈츠, 베이스 드럼 피아노 기타 솔리스트"
잔잔,갈채 시 베이스 피아노 첼로 솔로이스트,5,https://bgmstore.net/view/5bb0d113352039d2270974d8/갈채 시 베이스 피아노 첼로 솔로이스트
잔잔,기다림 기타 피아노 바이올린 베이스 드럼 스트링스,5,https://bgmstore.net/view/5bb0d113352039d227096a8a/기다림 기타 피아노 바이올린 베이스 드럼 스트링스
잔잔,냉담한 길 피아노 바이올린 첼로 스트링스,5,https://bgmstore.net/view/5bb0d113352039d227096a89/냉담한 길 피아노 바이올린 첼로 스트링스
잔잔,잊혀진 사람 피아노 기타 비올라 첼로 스트링스,5,https://bgmstore.net/view/5bb0d113352039d227096a88/잊혀진 사람 피아노 기타 비올라 첼로 스트링스
잔잔,세월은 가건만 피아노 기타 바이올린 솔이스트,5,https://bgmstore.net/view/5bb0d113352039d227096a86/세월은 가건만 피아노 기타 바이올린 솔이스트
잔잔,어리석고 불쾌한 인생 피아노 키타 바이올린,5,https://bgmstore.net/view/5bb0d113352039d227096a78/어리석고 불쾌한 인생 피아노 키타 바이올린
잔잔,사랑의 멜로디  베이스 드럼 피아노 기타,5,https://bgmstore.net/view/5bb0d10d352039d2270956f7/사랑의 멜로디  베이스 드럼 피아노 기타
잔잔,0825 피아노 롤 진행코드 sampl,5,https://bgmstore.net/view/5bb0d0ea352039d2270876ff/0825 피아노 롤 진행코드 sampl
잔잔,소설 터벅터벅 헌정곡,5,https://bgmstore.net/view/5bb0d0e3352039d22708640b/소설 터벅터벅 헌정곡
잔잔,"[자작곡]-General patturn (피아노, 잔잔 (..?))",5,"https://bgmstore.net/view/5bb0d0d7352039d227081dbb/[자작곡]-General patturn (피아노, 잔잔 (..?))"
잔잔,"제목 : Every Friday_MR (잔잔, 고요, 자작곡)",5,"https://bgmstore.net/view/5bb0d0d7352039d227081936/제목 : Every Friday_MR (잔잔, 고요, 자작곡)"
잔잔,"자작발라드(흥겨움,동심,순수,경쾌,잔잔)",5,"https://bgmstore.net/view/5bb0d0aa352039d2270720dd/자작발라드(흥겨움,동심,순수,경쾌,잔잔)"
잔잔,"IU - 무릎 (휘파람, 잔잔)",4,"https://bgmstore.net/view/5bb0d13b352039d2270a63a4/IU - 무릎 (휘파람, 잔잔)"
잔잔,아조씨가 그댄 사치를 불러보았다,4,https://bgmstore.net/view/5bb0d12e352039d2270a0fea/아조씨가 그댄 사치를 불러보았다
잔잔,"12-Mid Night(평화, 순수, 잔잔, 동심)",4,"https://bgmstore.net/view/5bb0d128352039d22709d7ce/12-Mid Night(평화, 순수, 잔잔, 동심)"
잔잔,"땅끝까지(잔잔,평화,행복)",4,"https://bgmstore.net/view/5bb0d11a352039d22709a9aa/땅끝까지(잔잔,평화,행복)"
잔잔,애증의 강 피아노 기타 바이올린 솔리스트,4,https://bgmstore.net/view/5bb0d113352039d227096a85/애증의 강 피아노 기타 바이올린 솔리스트
잔잔,[기타] 무제  자작곡 (잔잔),4,https://bgmstore.net/view/5bb0d0f9352039d22708e2e1/[기타] 무제  자작곡 (잔잔)
잔잔,"riverfrog - A lonely man (자작곡, 쓸쓸, 잔잔, 아련)",4,"https://bgmstore.net/view/5bb0d0f0352039d22708b21d/riverfrog - A lonely man (자작곡, 쓸쓸, 잔잔, 아련)"
잔잔,0811-lood high sample,4,https://bgmstore.net/view/5bb0d0e3352039d227086990/0811-lood high sample
잔잔,1.정지된 시간 평화 희망 잔잔 순수 즐거움 흥겨움 일상 발랄,3,https://bgmstore.net/view/5bb0d11a352039d22709a034/1.정지된 시간 평화 희망 잔잔 순수 즐거움 흥겨움 일상 발랄
잔잔,"음악-신형탁 제목-기쁨의 노래, 베이스 드럼 피아노 기타 솔리스트",3,"https://bgmstore.net/view/5bb0d113352039d227098460/음악-신형탁 제목-기쁨의 노래, 베이스 드럼 피아노 기타 솔리스트"
잔잔,사랑 받을 때 시 베이스 드럼 피아노 기타 스트링스 멜로디스트,3,https://bgmstore.net/view/5bb0d113352039d2270974d1/사랑 받을 때 시 베이스 드럼 피아노 기타 스트링스 멜로디스트
잔잔,"잔잔한 자작곡(잔잔, 피아노)",3,"https://bgmstore.net/view/5bb0d10d352039d227093c48/잔잔한 자작곡(잔잔, 피아노)"
잔잔,똥옵을 위한 세레나데 감동 평화 희망,3,https://bgmstore.net/view/5bb0d100352039d22708fa24/똥옵을 위한 세레나데 감동 평화 희망
잔잔,일반인 - 전부너였다,3,https://bgmstore.net/view/5bb0d0f9352039d22708d83c/일반인 - 전부너였다
잔잔,[동방풍신록] 산기슭의 신사,3,https://bgmstore.net/view/5bb0d0f0352039d22708b915/[동방풍신록] 산기슭의 신사
잔잔,"긴유-낙엽 뜬 바다를 보며(자작,잔잔,고요,평화)",3,"https://bgmstore.net/view/5bb0d0a2352039d227070743/긴유-낙엽 뜬 바다를 보며(자작,잔잔,고요,평화)"
잔잔,"음악-신형탁 제목-2바람, 베이스 드럼 피아노 기타 솔리스트",2,"https://bgmstore.net/view/5bb0d113352039d22709845d/음악-신형탁 제목-2바람, 베이스 드럼 피아노 기타 솔리스트"
잔잔,"음악-신형탁 제목-봄의 양지, 베이스 드럼 피아노 기타 솔리스트",2,"https://bgmstore.net/view/5bb0d113352039d22709845a/음악-신형탁 제목-봄의 양지, 베이스 드럼 피아노 기타 솔리스트"
잔잔,가을이 오는 건 피아노 기타 멜로디,2,https://bgmstore.net/view/5bb0d10d352039d227095e94/가을이 오는 건 피아노 기타 멜로디
잔잔,아 슬프다 사바여 인생을 돌아보며,2,https://bgmstore.net/view/5bb0d10d352039d227095435/아 슬프다 사바여 인생을 돌아보며
잔잔,일반인 - 전부 너였다.,2,https://bgmstore.net/view/5bb0d0f9352039d22708d48e/일반인 - 전부 너였다.
잔잔,내가부른클래식(그냥잔잔합니다),2,https://bgmstore.net/view/5bb0d0ea352039d227087c21/내가부른클래식(그냥잔잔합니다)
잔잔,매직ost-the story,2,https://bgmstore.net/view/5bb0d0e3352039d2270853b6/매직ost-the story
잔잔,"내가만든것 (뮤직쉐이크,이름:몇단계?,잔잔)",2,"https://bgmstore.net/view/5bb0d0e3352039d2270851e8/내가만든것 (뮤직쉐이크,이름:몇단계?,잔잔)"
잔잔,네코상 자작 레이브 OST (즐거움 고요 애절 쓸쓸),2,https://bgmstore.net/view/5bb0d0d7352039d227082686/네코상 자작 레이브 OST (즐거움 고요 애절 쓸쓸)
잔잔,잔잔/개인곡/셀프작곡,1,https://bgmstore.net/view/5bb0d0e3352039d22708672b/잔잔/개인곡/셀프작곡
잔잔,"음악-신형탁 제목-도시 도로, 베이스 드럼 피아노 기타 솔리스트",0,"https://bgmstore.net/view/5bb0d113352039d227098461/음악-신형탁 제목-도시 도로, 베이스 드럼 피아노 기타 솔리스트"
